A1,A2,A3,A4,A5,B1,B2,B3,B4,B5,C1,C2,C3,C4,C5,D1,D2,D3,D4,D5,D6,D7,D8
1,1,1,1,1,1,1,1,1,1,1,1,1,1,1,1,1,1,1,1,1,1,1
4,4,4,4,4,4,4,4,4,4,4,4,4,4,4,4,4,4,4,4,4,4,4
4,4,4,4,4,4,4,4,4,4,4,4,4,4,4,4,4,4,4,4,4,4,4
4,4,4,4,4,4,4,4,4,4,4,4,4,4,4,4,4,4,4,4,4,4,4
5,5,5,5,5,5,5,5,5,5,5,5,5,5,5,5,5,5,5,5,5,5,5
4,4,4,4,4,4,4,4,4,4,4,4,4,4,4,4,4,4,4,4,4,4,4
5,5,5,5,5,5,5,5,5,5,5,5,5,5,5,5,5,5,5,5,5,5,5
5,5,5,5,5,5,5,5,5,5,5,5,5,5,5,5,5,5,5,5,5,5,5
5,5,5,5,5,5,5,5,5,5,5,5,5,5,5,5,5,5,5,5,5,5,5
4,4,4,4,4,4,4,4,4,4,4,4,4,4,4,4,4,4,4,4,4,4,4
3,3,3,3,3,3,3,3,3,3,3,3,3,3,3,3,3,3,3,3,3,3,3
3,3,3,3,3,3,3,3,3,3,3,3,3,3,3,3,3,3,3,3,3,3,3
4,4,4,4,4,4,4,4,4,4,4,4,4,4,4,4,4,4,4,4,4,4,4
4,4,4,4,4,4,4,4,4,4,4,4,4,4,4,4,4,4,4,4,4,4,4
4,4,4,4,4,4,4,4,4,4,4,4,4,4,4,4,4,4,4,4,4,4,4
4,4,4,4,4,4,4,4,4,4,4,4,4,4,4,4,4,4,4,4,4,4,4
4,4,4,4,4,4,4,4,4,4,4,4,4,4,4,4,4,4,4,4,4,4,4
4,4,4,4,4,4,4,4,4,4,4,4,4,4,4,4,4,4,4,4,4,4,4
3,3,3,3,3,3,3,3,3,3,3,3,3,3,3,3,3,3,3,3,3,3,3
4,4,4,4,4,4,4,4,4,4,4,4,4,4,4,4,4,4,4,4,4,4,4
4,4,4,4,4,4,4,4,4,4,4,4,4,4,4,4,4,4,4,4,4,4,4
4,4,4,4,4,4,4,4,4,4,4,4,4,4,4,4,4,4,4,4,4,4,4
5,5,5,5,5,5,5,5,5,5,5,5,5,5,5,5,5,5,5,5,5,5,5
4,4,4,4,4,4,4,4,4,4,4,4,4,4,4,4,4,4,4,4,4,4,4
4,4,4,4,4,4,4,4,4,4,4,4,4,4,4,4,4,4,4,4,4,4,4
4,4,4,4,4,4,4,4,4,4,4,4,4,4,4,4,4,4,4,4,4,4,4
5,5,5,5,5,5,5,5,5,5,5,5,5,5,5,5,5,5,5,5,5,5,5
5,5,5,5,5,5,5,5,5,5,5,5,5,5,5,5,5,5,5,5,5,5,5
5,5,5,5,5,5,5,5,5,5,5,5,5,5,5,5,5,5,5,5,5,5,5
5,5,5,5,5,5,5,5,5,5,5,5,5,5,5,5,5,5,5,5,5,5,5
4,4,4,4,4,4,4,4,4,4,4,4,4,4,4,4,4,4,4,4,4,4,4
5,5,5,5,5,5,5,5,5,5,5,5,5,5,5,5,5,5,5,5,5,5,5
5,5,5,5,5,5,5,5,5,5,5,5,5,5,5,5,5,5,5,5,5,5,5
5,5,5,5,5,5,5,5,5,5,5,5,5,5,5,5,5,5,5,5,5,5,5
4,5,5,5,5,5,5,5,5,5,5,5,5,5,5,5,5,5,5,5,5,5,5
4,4,4,4,4,4,4,4,4,3,4,4,4,4,4,4,4,4,4,4,4,4,4
4,4,4,4,4,4,4,4,3,4,4,4,4,4,4,4,4,4,4,4,4,4,4
3,3,3,3,3,3,3,2,3,3,3,3,3,3,3,3,3,3,3,3,3,3,3
4,4,4,4,4,4,4,4,4,3,4,4,4,4,4,4,4,4,4,4,4,4,4
3,3,3,3,3,3,3,3,3,3,3,3,3,4,3,3,3,3,3,3,3,3,3
5,5,5,5,5,5,5,5,5,5,5,5,5,5,5,5,5,4,5,5,5,5,5
4,4,4,4,4,4,4,4,4,4,4,4,4,4,4,4,4,3,4,4,4,4,4
4,4,4,4,4,4,4,4,4,4,4,4,4,4,4,4,4,4,3,3,4,4,4
3,3,3,3,3,3,3,3,2,3,3,3,3,3,3,3,3,2,3,3,3,3,3
5,5,5,5,5,5,5,5,5,5,5,5,5,5,5,5,5,5,4,5,5,4,5
4,4,4,3,4,4,4,4,4,4,3,4,4,4,4,4,4,4,4,4,4,4,4
3,4,4,4,4,4,4,4,4,3,4,4,4,4,4,4,4,4,4,4,4,4,4
4,4,4,4,4,4,4,4,4,3,4,4,4,3,4,4,4,4,4,4,4,4,4
4,4,4,4,4,4,4,3,4,3,4,4,4,4,4,4,4,4,4,4,4,4,4
4,4,4,4,4,4,4,4,4,3,3,4,4,4,4,4,4,4,4,4,4,4,4
4,4,4,3,3,3,3,3,3,3,3,3,3,3,3,3,3,3,3,3,3,3,3
4,4,4,4,4,3,4,4,4,3,4,4,4,4,4,4,4,4,4,4,4,4,3
4,4,4,4,4,3,3,4,4,3,4,4,4,4,4,4,4,4,4,4,4,4,4
4,4,4,4,4,4,4,4,4,3,4,4,4,4,4,4,4,3,4,4,4,4,3
4,4,4,4,4,4,4,4,4,3,4,4,4,4,4,4,4,4,4,4,4,3,3
5,5,5,4,4,4,4,4,4,4,4,4,4,4,4,4,4,4,4,4,4,4,4
5,5,5,4,4,4,4,4,4,4,4,4,4,4,4,4,4,4,4,4,4,4,4
4,4,4,4,4,4,4,3,4,3,4,4,4,4,4,5,4,4,4,4,4,4,4
4,4,4,4,4,4,3,3,3,3,4,4,4,4,4,4,4,4,4,4,4,4,4
4,4,4,4,4,3,3,3,4,3,4,4,4,4,4,4,4,4,4,4,4,4,4
4,4,4,3,4,3,3,3,4,4,4,4,4,4,4,4,4,4,4,4,4,4,4
4,4,4,4,4,4,3,3,3,3,4,4,4,4,4,4,4,4,4,4,4,4,4
4,4,4,4,4,3,3,3,3,4,4,4,4,4,4,4,4,4,4,4,4,4,4
5,5,5,5,5,5,4,4,4,4,5,5,5,5,5,5,5,5,5,5,5,5,5
4,4,4,4,4,4,3,3,3,3,4,4,4,4,4,4,4,4,4,4,4,4,4
5,5,5,5,5,5,4,4,4,4,5,5,5,5,5,5,5,5,5,5,5,5,5
4,4,4,4,4,4,3,3,3,4,4,4,3,4,4,4,4,4,4,4,4,4,4
4,4,4,4,4,4,4,3,3,3,4,4,4,4,4,4,4,3,4,4,4,4,4
4,4,4,3,4,4,4,4,4,3,3,4,4,4,4,4,4,3,4,4,4,4,4
4,4,4,3,4,4,3,4,4,4,4,3,4,4,4,4,4,4,4,4,4,3,4
4,3,4,3,3,3,3,3,3,3,4,3,3,3,3,3,3,3,3,3,3,3,2
4,4,4,4,5,4,3,3,3,4,4,4,4,4,4,4,4,4,4,4,4,4,4
4,5,4,3,4,4,4,3,3,4,4,4,4,4,4,4,4,4,4,4,4,4,4
5,4,5,4,5,5,5,5,5,5,5,5,5,5,5,4,4,5,4,5,5,5,5
5,4,5,5,4,4,5,4,5,4,5,5,5,5,5,5,5,5,5,5,5,5,5
5,5,5,4,5,4,4,4,4,5,5,5,5,5,5,5,5,5,5,5,5,5,5
4,5,5,4,4,4,4,4,4,4,5,5,5,4,4,4,4,4,4,4,4,4,4
4,4,4,4,4,3,3,3,3,3,4,4,4,4,4,4,4,4,4,4,4,4,4
3,3,3,3,3,3,3,3,3,3,3,3,3,3,4,3,4,3,3,4,4,4,3
4,4,3,4,4,3,3,3,3,4,4,4,4,4,4,4,4,4,4,4,4,4,4
5,4,5,4,4,4,5,5,4,4,4,4,4,4,4,4,4,4,4,4,4,4,5
4,4,4,3,4,3,3,3,3,4,4,4,4,4,4,4,4,4,4,4,4,4,4
4,5,5,5,5,5,4,4,4,4,5,5,5,5,5,5,5,5,5,5,5,5,5
4,4,4,4,4,4,4,4,4,5,4,4,5,4,5,4,4,4,4,4,4,5,5
5,5,4,5,4,5,5,4,4,4,5,5,5,5,5,5,5,5,5,5,5,5,5
4,4,4,3,5,4,4,5,4,4,4,4,4,4,4,4,4,4,4,4,4,3,4
4,4,4,4,5,4,4,4,4,4,4,4,4,4,5,4,4,3,3,4,4,4,4
4,5,5,5,5,5,5,5,4,4,4,4,5,4,5,5,5,5,5,5,5,5,5
3,3,3,3,3,3,3,3,3,3,3,4,3,4,4,3,4,4,3,3,4,3,3
2,2,3,2,3,2,3,2,2,2,2,2,2,2,3,2,3,2,2,3,2,2,2
4,4,4,3,4,3,3,3,3,3,4,4,4,4,4,4,4,4,4,4,4,4,4
4,4,4,3,4,3,3,3,3,3,4,4,4,4,4,4,4,4,4,4,4,4,4
4,4,4,4,4,3,3,3,3,3,4,4,4,4,4,4,4,4,4,4,4,4,3
5,5,5,5,4,5,5,5,5,3,5,5,5,5,5,5,5,5,5,5,5,5,5
4,4,4,4,4,4,4,4,4,4,3,4,4,4,4,5,5,5,4,5,4,4,4
5,5,5,5,4,5,5,5,5,3,5,5,5,5,5,5,5,5,5,5,5,5,5
5,4,4,4,4,4,3,3,3,4,4,4,4,4,4,4,4,4,4,4,4,3,4
5,5,5,4,4,4,4,4,4,3,4,4,4,4,4,4,4,4,4,5,4,4,4
5,5,5,5,5,5,5,5,5,5,5,5,5,5,5,5,4,4,4,4,4,4,4
4,4,4,4,4,4,4,4,4,3,4,3,3,4,4,4,4,3,4,4,3,3,3
5,5,5,5,5,5,5,5,5,5,4,5,5,4,4,4,5,5,4,5,5,4,4
4,4,3,3,3,3,3,3,3,4,4,4,4,3,3,3,3,3,4,3,3,3,3
4,5,5,5,5,4,4,5,5,5,4,5,5,5,5,4,5,5,4,5,5,4,5
4,4,4,4,5,4,4,4,4,5,5,5,5,4,4,5,4,4,5,4,4,4,4
4,4,5,5,5,5,5,5,5,4,5,4,5,4,5,5,4,4,5,5,5,5,5
4,4,4,4,5,4,5,5,5,5,4,5,4,5,4,4,4,4,4,4,4,4,4
4,4,4,4,4,4,3,4,4,3,4,4,4,4,4,5,5,4,5,4,4,4,4
4,4,4,4,4,3,3,3,3,3,3,3,3,4,4,4,4,4,4,4,4,4,4
4,4,4,4,4,4,4,3,3,3,4,4,4,3,3,4,4,3,4,4,3,3,4
4,4,4,4,4,3,3,3,3,3,4,3,4,3,4,3,3,3,3,3,3,3,3
4,5,5,5,5,4,5,4,5,5,4,5,4,5,4,5,5,5,4,5,4,5,5
4,5,4,5,5,4,5,4,5,4,5,5,5,4,5,5,5,5,5,4,5,5,4
3,3,4,3,4,3,3,3,3,3,4,3,3,3,3,4,3,3,4,4,4,3,4
4,3,4,3,4,3,4,3,4,4,4,4,4,4,4,4,3,3,4,4,3,3,4
4,4,4,4,3,3,3,3,3,4,4,4,4,4,5,4,4,4,4,4,4,4,4
4,4,4,3,4,5,3,3,3,3,4,4,4,4,4,4,4,4,4,4,4,4,4
4,4,4,4,3,4,4,4,4,4,4,4,3,4,3,4,3,3,3,4,3,3,3
3,3,4,4,4,3,3,3,3,3,3,4,3,3,4,4,4,4,3,4,3,3,3
4,4,4,3,4,4,3,3,3,3,4,4,4,4,4,4,3,4,4,4,3,3,3
4,4,5,5,5,5,4,5,5,5,4,5,5,5,4,4,4,5,5,4,4,5,5
5,4,5,4,5,5,4,4,4,5,4,5,5,5,4,5,4,5,5,5,4,5,5
4,5,5,4,5,4,4,5,5,5,4,5,5,5,4,5,5,4,5,4,4,5,5
4,3,3,3,4,4,4,3,4,4,3,3,4,3,3,3,3,4,4,3,3,4,3
3,3,4,4,4,4,3,4,3,4,3,4,3,4,3,3,4,3,4,3,3,3,3
4,4,5,4,5,5,5,4,4,4,4,4,4,4,4,5,5,5,5,4,4,5,5
4,4,4,3,4,3,3,3,4,4,4,3,4,4,4,4,3,3,4,4,3,3,3
3,4,4,4,3,3,3,3,3,3,3,3,4,3,4,4,4,4,4,4,4,4,4
4,4,4,3,4,3,3,3,3,3,3,3,3,4,4,4,4,3,4,4,4,4,4
2,3,3,2,2,3,2,2,2,2,3,2,2,2,2,3,3,2,3,3,3,3,3
4,4,3,4,3,3,3,3,3,4,3,4,4,3,3,4,3,3,4,4,4,4,3
5,4,5,4,5,5,4,5,4,5,4,5,4,5,4,4,5,4,5,4,5,4,5
4,4,4,4,4,4,4,4,4,4,5,5,5,4,5,5,5,5,5,5,5,5,5
4,3,4,4,3,3,3,3,3,3,4,4,4,4,4,3,4,3,4,4,4,3,3
4,5,5,4,4,4,4,4,4,5,5,5,4,4,5,5,5,4,4,4,5,5,5
3,4,3,3,3,4,3,3,4,4,4,4,3,3,4,4,3,3,4,4,4,4,3
5,4,5,4,4,5,4,5,4,5,5,4,4,5,4,5,5,5,4,5,4,5,4
4,5,5,5,4,4,4,4,4,4,4,4,4,4,4,5,5,5,5,5,5,5,5
4,4,5,5,4,5,4,5,5,4,4,5,5,5,5,4,4,5,4,4,4,5,5
3,4,4,3,3,3,3,3,3,3,3,4,3,3,4,4,4,4,4,4,4,4,4
3,3,4,3,3,4,4,4,4,4,4,4,4,4,4,5,5,4,4,4,4,4,4
5,4,4,4,4,3,3,4,4,3,4,4,4,4,4,4,5,3,4,4,4,4,4
3,4,3,3,2,3,2,3,3,4,3,3,3,3,3,3,2,3,3,3,2,3,3
3,3,3,3,3,2,4,3,3,4,4,3,4,3,3,3,3,4,4,3,3,3,3
4,5,5,5,5,5,5,5,5,3,5,5,5,4,5,5,5,5,5,5,5,5,4
4,4,3,4,4,4,3,4,3,2,4,4,4,4,4,4,4,4,4,4,4,4,4
4,4,5,4,4,4,4,4,4,3,4,5,5,4,4,4,4,3,4,4,4,4,3
4,4,4,3,4,3,3,4,3,4,4,3,4,4,3,4,4,3,4,4,4,4,5
4,4,4,4,4,4,4,4,4,4,4,4,4,4,4,4,4,2,3,3,3,3,4
4,4,4,4,4,3,3,3,3,2,4,4,4,4,4,4,4,4,4,4,4,4,4
4,4,4,3,4,4,3,2,3,3,4,4,4,4,4,4,4,4,4,4,4,4,4
5,5,5,5,5,4,4,4,4,3,4,4,4,4,4,4,4,3,4,4,4,4,4
4,3,4,4,4,4,3,2,3,3,3,4,3,3,3,4,3,3,3,3,3,3,4
4,5,5,5,4,5,4,3,4,5,5,5,5,5,5,5,5,4,5,5,5,5,5
4,4,4,4,4,4,3,3,3,4,4,4,4,4,4,4,4,4,5,5,5,5,4
3,4,4,4,4,4,3,3,2,3,3,3,4,4,4,4,4,4,4,4,4,4,4
4,4,4,4,4,3,3,3,3,2,4,3,4,3,4,4,4,4,4,4,4,4,4
4,3,4,4,3,3,4,2,4,3,4,4,4,3,4,4,4,3,4,4,4,4,4
5,5,5,5,5,5,4,3,4,4,5,5,4,5,5,5,4,5,5,5,4,5,5
4,5,4,4,4,5,5,5,5,4,4,4,4,4,4,5,3,3,4,4,4,4,4
2,4,4,3,3,4,4,3,4,3,4,4,4,4,4,3,3,3,4,4,4,4,4
5,4,5,4,4,4,4,5,4,4,5,3,4,4,5,5,5,5,5,4,5,4,4
4,4,4,4,5,5,5,3,5,4,5,5,5,5,5,4,4,4,4,4,5,4,4
4,4,5,5,5,5,5,5,5,5,5,5,5,5,5,4,4,4,4,4,5,5,3
5,4,5,4,5,5,5,4,5,5,5,5,4,5,4,5,4,3,4,4,5,5,5
3,4,3,3,3,4,3,2,3,3,4,4,4,4,4,4,4,3,4,4,3,3,3
5,5,5,5,5,4,4,4,3,4,5,5,4,4,4,5,5,4,4,5,4,5,5
5,5,5,4,5,5,4,4,5,3,4,4,4,5,5,5,4,4,4,5,5,5,4
5,5,5,4,5,5,4,3,4,4,5,5,4,4,5,5,5,4,5,4,5,5,4
5,4,5,5,5,5,5,4,4,5,4,4,4,4,5,4,5,3,4,5,5,5,5
4,4,4,4,4,4,3,3,3,4,4,4,4,4,4,4,4,4,5,5,5,5,5
5,5,5,4,4,4,4,3,3,3,4,4,4,5,4,4,4,4,4,5,4,4,4
5,5,4,4,4,4,4,3,3,3,4,4,4,5,4,4,4,3,4,3,4,4,4
4,5,4,4,4,4,3,3,3,3,4,4,4,4,3,4,4,4,4,5,5,4,4
4,5,4,3,3,4,5,4,5,4,5,5,4,4,4,4,4,4,4,5,5,4,4
4,3,4,3,4,3,3,3,2,3,3,4,3,4,3,3,3,2,3,4,3,3,4
5,5,5,5,4,4,4,3,4,3,4,3,4,4,4,4,4,3,4,4,4,4,4
2,2,3,2,3,3,3,3,3,2,4,4,4,4,3,3,3,3,3,3,3,3,3
4,4,4,4,4,4,4,4,4,4,4,3,2,2,4,3,4,4,4,4,4,4,4
3,4,4,4,4,5,4,4,5,4,5,4,4,3,3,5,5,4,4,5,4,4,4
4,4,4,4,5,3,4,4,3,4,4,4,4,4,5,5,5,4,5,5,5,5,5
4,4,4,3,4,4,5,4,5,3,4,4,5,4,5,4,4,4,5,5,5,5,5
4,3,4,4,4,3,4,3,5,4,3,4,4,4,5,5,4,4,3,4,5,4,4
5,5,5,4,5,4,4,4,4,3,4,4,3,5,4,4,4,5,5,5,5,5,4
4,5,4,5,3,5,4,5,4,5,5,4,5,3,4,4,4,5,4,5,4,5,4
5,5,5,5,5,4,4,3,4,3,5,5,4,4,5,5,5,4,4,4,4,4,4
5,5,5,5,5,3,4,4,4,3,5,5,5,5,5,5,5,4,5,5,5,5,5
5,5,5,5,4,5,5,3,4,3,5,5,5,5,4,4,4,4,4,4,4,4,4
4,4,4,4,4,4,3,3,3,3,4,3,4,3,3,3,2,2,3,4,4,3,3
4,4,4,3,4,3,3,3,3,3,4,4,4,4,4,5,5,3,5,4,4,4,4
5,5,5,5,4,5,4,4,5,3,4,4,3,4,5,4,4,4,4,4,3,4,4
4,4,4,4,5,4,4,3,4,3,5,5,5,5,5,5,5,5,5,5,5,5,5
4,4,4,4,4,4,4,3,3,4,5,5,5,5,5,5,5,5,5,5,5,5,5
4,4,4,5,4,5,5,5,5,5,5,5,5,5,4,5,5,5,4,4,5,3,3
5,5,5,5,3,5,5,5,5,5,5,5,5,5,5,4,4,3,4,4,4,4,4
4,5,4,4,4,4,3,3,3,3,5,5,5,5,5,4,4,4,4,4,4,4,4
3,3,4,4,3,4,4,4,4,3,5,5,5,4,4,3,3,4,4,4,5,4,4
4,4,4,4,5,3,3,3,3,3,4,5,5,5,5,4,4,4,4,4,4,4,4
4,5,4,4,4,3,3,3,3,3,4,4,5,4,5,4,4,4,5,4,4,4,5
4,5,4,3,4,3,3,3,4,4,4,4,3,4,5,4,4,5,5,5,4,4,4
4,5,4,4,4,4,4,2,4,2,4,3,3,4,4,4,4,3,4,4,4,4,4
3,4,3,4,4,5,5,4,4,5,5,4,5,4,5,5,3,4,5,5,4,4,4
3,3,3,2,2,2,2,2,2,2,3,3,3,3,3,4,3,3,3,4,4,4,3
3,4,5,4,4,3,3,2,3,4,4,4,4,4,5,5,4,4,4,4,4,4,4
5,5,5,5,5,4,3,3,4,3,4,4,4,4,4,5,5,5,5,5,4,4,4
4,4,4,4,3,5,5,5,4,3,5,5,5,3,3,4,3,4,4,4,4,4,4
4,3,4,4,4,5,4,4,4,4,4,5,4,2,3,4,4,5,5,3,4,4,4
5,3,4,3,4,4,4,3,4,4,5,5,4,4,5,4,5,5,5,5,5,5,5
5,5,5,5,5,4,4,3,3,3,5,5,5,5,5,5,5,5,5,5,5,5,5
5,4,4,4,4,4,4,3,4,2,3,3,4,3,4,5,5,3,4,4,4,4,4
4,4,4,3,4,4,2,3,2,3,4,4,4,4,4,4,4,4,4,4,4,4,2
5,5,5,3,5,4,3,3,4,4,5,5,4,4,5,4,5,5,5,5,4,4,5
4,3,3,2,4,3,4,4,5,5,3,3,4,4,3,4,3,4,4,3,4,4,3
5,5,4,4,4,5,4,4,4,2,5,5,5,5,4,5,4,5,5,4,5,5,4
5,5,5,5,5,5,3,3,3,4,5,4,4,4,4,5,5,5,5,5,5,5,5
3,3,4,3,5,4,4,4,4,5,5,5,5,5,5,5,5,5,5,5,5,5,5
4,4,4,4,4,3,2,2,2,3,4,4,4,4,4,3,3,3,4,4,4,4,4
3,4,3,4,3,5,4,3,4,3,4,3,4,4,5,5,4,4,5,4,4,5,3
5,4,3,4,3,5,4,3,4,5,4,3,4,5,4,4,3,4,5,4,3,4,3
4,4,4,4,4,5,2,2,2,4,4,4,4,4,4,4,4,4,4,4,4,4,4
4,4,4,4,4,3,3,2,3,2,4,4,4,4,4,5,4,4,4,5,4,3,4
4,5,4,3,3,3,3,3,3,1,4,3,3,3,3,3,3,3,3,4,4,4,3
5,5,5,4,5,4,3,2,3,3,4,3,4,4,4,4,4,3,4,4,4,4,4
5,4,5,5,4,4,5,5,2,3,3,4,4,4,4,5,4,5,4,4,4,4,4
5,5,5,5,4,4,4,4,3,3,3,3,3,3,3,4,3,3,3,4,3,4,4
4,4,4,3,4,3,2,2,3,3,3,4,4,4,4,4,4,4,4,4,5,5,4
2,2,2,2,3,3,2,4,3,2,3,4,4,3,3,3,3,4,3,4,4,3,2
5,5,3,3,3,3,4,2,5,3,4,4,4,4,4,3,3,3,4,4,3,4,4
3,4,3,3,3,3,2,2,2,2,4,4,4,3,4,4,4,3,4,4,4,4,4
3,3,3,2,3,3,2,2,2,2,4,4,4,3,4,4,3,3,4,4,4,4,3
5,4,5,5,5,5,3,3,4,3,3,5,4,4,5,4,5,4,5,5,5,5,5
4,4,3,3,4,2,3,4,4,4,4,4,4,5,4,4,2,2,3,4,4,3,4
5,5,5,5,3,5,5,3,3,3,4,5,5,5,4,5,5,5,5,5,5,5,5
5,5,5,5,5,5,3,3,3,3,5,5,5,5,5,5,5,5,5,5,4,4,5
5,5,5,4,5,3,4,5,3,5,5,5,5,4,5,5,5,5,4,5,3,3,4
5,5,5,4,5,3,3,3,3,5,5,5,5,4,5,5,5,5,5,5,5,5,5
4,4,4,3,2,3,2,2,3,2,4,4,4,4,4,4,4,3,4,4,4,4,4
4,4,4,5,5,3,3,2,3,4,4,4,3,3,4,4,4,4,4,5,5,5,4
5,5,4,4,4,4,2,2,3,2,4,4,4,4,4,4,4,4,4,4,4,4,4
5,5,4,4,4,4,4,2,3,3,4,5,4,4,5,5,5,4,4,4,5,5,5
4,5,5,4,4,5,4,2,3,2,4,4,4,4,5,5,4,4,4,4,4,4,4
5,4,5,5,3,5,5,5,5,5,4,4,3,5,5,4,4,3,4,3,3,4,5
5,5,4,4,5,4,5,5,4,2,4,4,3,4,4,4,3,3,4,3,3,4,3
3,5,4,4,3,4,2,3,3,3,4,4,4,3,5,5,5,4,4,4,4,5,4
4,4,4,4,4,4,2,2,2,4,5,5,3,4,4,4,4,3,4,4,3,4,4
4,4,4,4,3,2,2,2,3,2,3,3,3,3,5,4,4,4,3,3,4,4,4
5,5,5,4,5,3,3,4,3,3,3,4,4,4,4,5,5,3,5,5,5,5,4
5,5,5,5,5,4,3,3,2,4,5,5,5,5,5,5,5,5,5,5,5,5,5
5,4,4,3,4,3,2,2,2,2,4,4,4,4,4,4,4,4,4,4,4,4,4
4,4,4,4,4,2,2,2,2,2,4,4,4,4,4,4,4,4,4,4,4,4,4
4,4,4,4,4,2,2,2,2,2,4,4,4,4,4,4,4,4,4,4,4,4,4
4,4,4,4,4,2,2,2,2,2,4,4,4,4,4,4,4,4,4,4,4,4,4
4,4,4,3,5,3,2,3,2,4,4,4,4,3,5,5,5,4,4,4,4,3,3
4,5,5,5,4,5,5,5,5,4,5,4,5,5,4,3,3,3,3,3,3,4,3
4,5,5,4,4,5,3,2,4,3,5,5,4,4,5,5,5,5,5,5,5,5,3
5,5,4,4,4,3,4,4,2,1,3,3,4,4,4,4,4,3,4,4,4,3,3
4,5,5,4,4,2,2,2,2,3,4,4,4,4,4,4,4,4,4,4,3,4,3
5,4,3,3,4,2,2,2,2,2,4,4,3,4,4,4,3,3,4,4,4,4,4
5,5,5,3,5,4,3,2,4,3,5,5,4,4,5,5,5,4,5,5,5,5,5
5,5,5,4,4,3,2,2,3,3,2,3,3,4,3,4,4,3,4,3,4,3,3
4,4,4,2,4,2,4,1,3,2,4,4,4,3,4,4,4,4,4,4,4,4,4
3,4,2,3,5,5,5,4,3,3,4,5,3,3,4,4,4,5,4,4,5,3,5
4,5,4,5,4,4,2,2,2,2,3,4,4,4,4,4,4,4,4,4,4,4,5
5,5,5,5,4,5,5,5,5,1,5,3,3,4,4,4,4,4,4,4,4,4,4
5,5,4,3,3,4,5,5,5,5,5,4,3,3,5,2,5,5,5,5,5,5,5
5,5,5,5,5,4,3,3,3,2,3,5,5,4,5,5,5,4,5,5,5,5,5
5,4,3,3,4,1,2,4,4,4,2,4,4,5,4,3,3,4,4,4,3,4,4
4,3,3,4,4,4,3,3,4,4,2,4,2,4,3,1,2,3,4,3,3,3,1
2,4,3,3,3,4,4,4,2,4,3,4,2,3,3,1,4,2,4,2,2,4,4
5,5,4,3,1,4,4,4,5,5,5,5,5,4,4,5,4,5,4,5,4,5,3
2,4,5,3,3,3,3,3,2,4,5,5,4,5,5,4,4,3,5,5,4,4,4
3,4,4,3,4,3,2,2,3,2,4,4,3,4,4,4,4,3,5,5,5,5,5
3,4,3,3,4,4,4,1,3,1,3,2,2,2,4,4,4,4,3,4,4,4,4
2,3,5,4,4,2,3,2,3,2,5,5,4,4,5,4,4,5,4,4,4,4,4
5,4,3,5,3,4,3,2,3,5,3,4,5,5,4,4,3,2,5,4,3,2,4
5,4,4,4,4,2,2,2,1,2,4,3,4,3,5,3,4,3,3,4,4,4,4
3,4,5,4,3,5,4,3,2,5,4,3,2,5,4,4,3,2,5,4,3,2,3
3,3,4,4,5,3,2,2,2,2,4,4,4,4,5,5,4,5,4,5,5,5,4
5,5,5,5,5,4,2,2,2,3,5,5,4,5,5,5,5,4,5,5,5,5,5
5,4,2,4,3,5,4,3,2,5,4,3,2,5,4,4,3,2,5,4,3,2,3
4,2,4,1,3,3,2,3,3,1,5,5,5,3,4,3,3,3,3,4,4,4,4
3,5,4,4,4,3,1,1,1,4,4,4,4,4,3,4,3,2,4,4,4,4,4
5,5,5,5,5,3,2,2,3,2,5,5,5,5,5,5,5,5,5,5,5,5,5
4,3,5,5,2,3,3,5,5,3,3,2,5,5,5,3,5,5,4,4,2,5,5
5,5,5,5,5,3,3,4,2,1,5,5,5,5,5,5,5,5,5,5,5,5,3
5,4,3,2,3,5,4,3,2,5,4,3,2,5,4,4,3,2,5,4,3,2,1
5,5,5,5,5,3,2,2,2,2,5,5,5,5,5,5,5,5,5,5,5,5,5
3,3,5,5,5,3,2,2,2,2,5,5,4,5,5,3,5,5,5,5,5,5,5
2,5,5,5,5,4,3,4,4,4,3,1,2,1,2,3,3,1,3,4,4,4,3
4,5,4,2,3,4,1,1,1,3,5,5,4,4,5,4,4,4,5,5,5,5,4
3,4,5,2,4,1,1,1,2,2,4,4,4,4,5,5,5,5,5,5,5,5,5
5,5,5,5,5,1,1,1,1,1,5,5,5,5,5,5,5,5,5,5,5,5,5
